{"cameraMode":{"drawMode":0,"name":"Shaded","section":"Shading Mode"},"sceneLighting":true,"audioPlay":false,"sceneViewState":{"m_AlwaysRefresh":false,"showFog":true,"showSkybox":false,"showFlares":true,"showImageEffects":true,"showParticleSystems":true,"showVisualEffectGraphs":true,"m_FxEnabled":true},"in2DMode":false,"pivot":{"x":100.84540557861328,"y":91.52100372314453,"z":-202.18792724609376},"rotation":{"x":0.021646494045853616,"y":-0.8509882092475891,"z":0.03527739271521568,"w":0.5236691832542419},"size":3.867997884750366,"orthographic":false}