{"cameraMode":{"drawMode":0,"name":"Shaded","section":"Shading Mode"},"sceneLighting":true,"audioPlay":false,"sceneViewState":{"m_AlwaysRefresh":false,"showFog":true,"showSkybox":true,"showFlares":true,"showImageEffects":true,"showParticleSystems":true,"showVisualEffectGraphs":true,"m_FxEnabled":true},"in2DMode":false,"pivot":{"x":-198.92092895507813,"y":11.405532836914063,"z":-392.0628356933594},"rotation":{"x":0.17122963070869447,"y":-0.24719442427158357,"z":0.04477096349000931,"w":0.9527878165245056},"size":126.8507308959961,"orthographic":false}