{"cameraMode":{"drawMode":0,"name":"Shaded","section":"Shading Mode"},"sceneLighting":false,"audioPlay":false,"sceneViewState":{"m_AlwaysRefresh":false,"showFog":true,"showSkybox":false,"showFlares":true,"showImageEffects":true,"showParticleSystems":true,"showVisualEffectGraphs":true,"m_FxEnabled":true},"in2DMode":false,"pivot":{"x":-0.04702651500701904,"y":0.7181291580200195,"z":0.2301793098449707},"rotation":{"x":-0.4506148099899292,"y":-0.09688228368759155,"z":0.04903268441557884,"w":-0.8861712217330933},"size":2.0088441371917726,"orthographic":false}