{"cameraMode":{"drawMode":0,"name":"Shaded","section":"Shading Mode"},"sceneLighting":false,"audioPlay":false,"sceneViewState":{"showFog":true,"showMaterialUpdate":false,"showSkybox":false,"showFlares":true,"showImageEffects":true,"showParticleSystems":true},"in2DMode":false,"pivot":{"x":-0.0025350749492645265,"y":0.4382712244987488,"z":-0.12486958503723145},"rotation":{"x":0.272660493850708,"y":-0.14222724735736848,"z":0.04078603535890579,"w":0.9506693482398987},"size":0.8027527332305908,"orthographic":false}