{"cameraMode":{"drawMode":0,"name":"Shaded","section":"Shading Mode"},"sceneLighting":false,"audioPlay":false,"sceneViewState":{"showFog":true,"showMaterialUpdate":false,"showSkybox":false,"showFlares":true,"showImageEffects":true,"showParticleSystems":true},"in2DMode":false,"pivot":{"x":-13.577370643615723,"y":-76.15473937988281,"z":-135.1802978515625},"rotation":{"x":0.013054187409579754,"y":-0.9657846093177795,"z":0.2542300820350647,"w":0.04958686605095863},"size":97.10332489013672,"orthographic":false}