{"cameraMode":{"drawMode":0,"name":"Shaded","section":"Shading Mode"},"sceneLighting":false,"audioPlay":false,"sceneViewState":{"m_AlwaysRefresh":false,"showFog":true,"showSkybox":false,"showFlares":true,"showImageEffects":true,"showParticleSystems":true,"showVisualEffectGraphs":true,"m_FxEnabled":true},"in2DMode":false,"pivot":{"x":100.71879577636719,"y":90.02613067626953,"z":-229.19725036621095},"rotation":{"x":-0.19274015724658967,"y":-0.48811572790145876,"z":0.11123925447463989,"w":-0.8440188765525818},"size":1.1758198738098145,"orthographic":false}