{"cameraMode":{"drawMode":0,"name":"Shaded","section":"Shading Mode"},"sceneLighting":false,"audioPlay":false,"sceneViewState":{"showFog":true,"showMaterialUpdate":false,"showSkybox":false,"showFlares":true,"showImageEffects":true,"showParticleSystems":true},"in2DMode":false,"pivot":{"x":-21.016754150390626,"y":-7.759237289428711,"z":-4.347067832946777},"rotation":{"x":0.21736636757850648,"y":-0.7700902819633484,"z":0.33784860372543337,"w":0.49560195207595827},"size":20.980937957763673,"orthographic":false}