{"cameraMode":{"drawMode":0,"name":"Shaded","section":"Shading Mode"},"sceneLighting":true,"audioPlay":false,"sceneViewState":{"showFog":true,"showMaterialUpdate":false,"showSkybox":false,"showFlares":true,"showImageEffects":true,"showParticleSystems":true},"in2DMode":false,"pivot":{"x":-1.0543503761291505,"y":0.15536744892597199,"z":0.9199516177177429},"rotation":{"x":-0.04709900543093681,"y":-0.7585052251815796,"z":-0.055167198181152347,"w":0.6476376056671143},"size":0.5465279817581177,"orthographic":false}