{"cameraMode":{"drawMode":0,"name":"Shaded","section":"Shading Mode"},"sceneLighting":true,"audioPlay":false,"sceneViewState":{"showFog":true,"showMaterialUpdate":false,"showSkybox":false,"showFlares":true,"showImageEffects":true,"showParticleSystems":true},"in2DMode":false,"pivot":{"x":11.115675926208496,"y":4.559913635253906,"z":0.2664299011230469},"rotation":{"x":0.21692416071891786,"y":0.10310158133506775,"z":-0.023012513294816018,"w":0.9705087542533875},"size":21.535327911376954,"orthographic":false}