{"cameraMode":{"drawMode":0,"name":"Shaded","section":"Shading Mode"},"sceneLighting":false,"audioPlay":false,"sceneViewState":{"showFog":true,"showMaterialUpdate":false,"showSkybox":false,"showFlares":true,"showImageEffects":true,"showParticleSystems":true},"in2DMode":false,"pivot":{"x":99.92627716064453,"y":90.60781860351563,"z":-229.11453247070313},"rotation":{"x":0.005093403160572052,"y":-0.962749719619751,"z":0.018199153244495393,"w":0.2697843909263611},"size":3.4481420516967775,"orthographic":false}