{"cameraMode":{"drawMode":0,"name":"Shaded","section":"Shading Mode"},"sceneLighting":true,"audioPlay":false,"sceneViewState":{"showFog":true,"showMaterialUpdate":false,"showSkybox":true,"showFlares":true,"showImageEffects":true,"showParticleSystems":true},"in2DMode":false,"pivot":{"x":193.59991455078126,"y":85.3997802734375,"z":-65.83616638183594},"rotation":{"x":0.033916182816028598,"y":0.3931395709514618,"z":-0.014514190144836903,"w":0.9187945127487183},"size":82.180908203125,"orthographic":false}