{"cameraMode":{"drawMode":0,"name":"Shaded","section":"Shading Mode"},"sceneLighting":true,"audioPlay":false,"sceneViewState":{"showFog":true,"showMaterialUpdate":false,"showSkybox":true,"showFlares":true,"showImageEffects":true,"showParticleSystems":true},"in2DMode":false,"pivot":{"x":17.016448974609376,"y":52.96647644042969,"z":-31.780914306640626},"rotation":{"x":-0.2930985391139984,"y":0.38394784927368166,"z":-0.13002224266529084,"w":-0.8659330010414124},"size":73.16171264648438,"orthographic":false}