{"cameraMode":{"drawMode":0,"name":"Shaded","section":"Shading Mode"},"sceneLighting":false,"audioPlay":false,"sceneViewState":{"showFog":true,"showMaterialUpdate":false,"showSkybox":false,"showFlares":true,"showImageEffects":true,"showParticleSystems":true},"in2DMode":false,"pivot":{"x":0.012237310409545899,"y":1.9604463577270508,"z":0.06051522493362427},"rotation":{"x":0.3542751371860504,"y":-0.1676345318555832,"z":0.06472938507795334,"w":0.9177696108818054},"size":2.2405905723571779,"orthographic":false}