{"cameraMode":{"drawMode":0,"name":"Shaded","section":"Shading Mode"},"sceneLighting":true,"audioPlay":false,"sceneViewState":{"showFog":true,"showMaterialUpdate":false,"showSkybox":false,"showFlares":true,"showImageEffects":true,"showParticleSystems":true},"in2DMode":false,"pivot":{"x":-233.6585235595703,"y":-3.951031446456909,"z":-168.78878784179688},"rotation":{"x":0.09927242994308472,"y":-0.6741095185279846,"z":0.0922011062502861,"w":0.7261427044868469},"size":137.97747802734376,"orthographic":false}