{"cameraMode":{"drawMode":0,"name":"Shaded","section":"Shading Mode"},"sceneLighting":false,"audioPlay":false,"sceneViewState":{"showFog":true,"showMaterialUpdate":false,"showSkybox":false,"showFlares":true,"showImageEffects":true,"showParticleSystems":true},"in2DMode":false,"pivot":{"x":0.15470635890960694,"y":4.932116508483887,"z":9.378992080688477},"rotation":{"x":-0.3985391855239868,"y":0.5775777697563171,"z":-0.3833008408546448,"w":-0.6005476117134094},"size":6.596261501312256,"orthographic":false}