{"cameraMode":{"drawMode":0,"name":"Shaded","section":"Shading Mode"},"sceneLighting":false,"audioPlay":false,"sceneViewState":{"showFog":true,"showMaterialUpdate":false,"showSkybox":false,"showFlares":true,"showImageEffects":true,"showParticleSystems":true},"in2DMode":false,"pivot":{"x":-3.725290298461914e-8,"y":0.16684795916080476,"z":0.32270365953445437},"rotation":{"x":0.10609254240989685,"y":-0.8939127326011658,"z":0.30858752131462099,"w":0.3073498606681824},"size":0.5741292238235474,"orthographic":false}