{"cameraMode":{"drawMode":0,"name":"Shaded","section":"Shading Mode"},"sceneLighting":true,"audioPlay":false,"sceneViewState":{"showFog":true,"showMaterialUpdate":false,"showSkybox":true,"showFlares":true,"showImageEffects":true,"showParticleSystems":true},"in2DMode":false,"pivot":{"x":126.20518493652344,"y":268.4684143066406,"z":-190.97378540039063},"rotation":{"x":0.49808669090270998,"y":0.009835146367549897,"z":-0.005627885460853577,"w":0.8671126365661621},"size":26.207529067993165,"orthographic":false}