{"cameraMode":{"drawMode":0,"name":"Shaded","section":"Shading Mode"},"sceneLighting":false,"audioPlay":false,"sceneViewState":{"showFog":true,"showMaterialUpdate":false,"showSkybox":false,"showFlares":true,"showImageEffects":true,"showParticleSystems":true},"in2DMode":false,"pivot":{"x":5.133533000946045,"y":9.379838943481446,"z":3.9039230346679689},"rotation":{"x":-0.2514244019985199,"y":0.679633617401123,"z":-0.26940733194351199,"w":-0.6342769861221314},"size":2.226113796234131,"orthographic":false}