{"cameraMode":{"drawMode":0,"name":"Shaded","section":"Shading Mode"},"sceneLighting":true,"audioPlay":false,"sceneViewState":{"showFog":true,"showMaterialUpdate":false,"showSkybox":false,"showFlares":true,"showImageEffects":true,"showParticleSystems":true},"in2DMode":false,"pivot":{"x":22.35162353515625,"y":292.1893615722656,"z":-130.16400146484376},"rotation":{"x":0.19082996249198914,"y":-0.25415369868278506,"z":0.05126350000500679,"w":0.9467974901199341},"size":596.732421875,"orthographic":false}