{"cameraMode":{"drawMode":0,"name":"Shaded","section":"Shading Mode"},"sceneLighting":false,"audioPlay":false,"sceneViewState":{"showFog":true,"showMaterialUpdate":false,"showSkybox":false,"showFlares":true,"showImageEffects":true,"showParticleSystems":true},"in2DMode":false,"pivot":{"x":7.741298675537109,"y":22.59093475341797,"z":16.114477157592775},"rotation":{"x":0.14559532701969148,"y":-0.8290376663208008,"z":0.2532111704349518,"w":0.47690248489379885},"size":0.6407593488693237,"orthographic":false}