{"cameraMode":{"drawMode":0,"name":"Shaded","section":"Shading Mode"},"sceneLighting":true,"audioPlay":false,"sceneViewState":{"showFog":true,"showMaterialUpdate":false,"showSkybox":false,"showFlares":true,"showImageEffects":true,"showParticleSystems":true},"in2DMode":false,"pivot":{"x":324.1350402832031,"y":238.7506103515625,"z":-108.7801513671875},"rotation":{"x":0.13844865560531617,"y":-0.01015614252537489,"z":0.001457582344301045,"w":0.9903484582901001},"size":516.0336303710938,"orthographic":false}