{"cameraMode":{"drawMode":0,"name":"Shaded","section":"Shading Mode"},"sceneLighting":false,"audioPlay":false,"sceneViewState":{"showFog":true,"showMaterialUpdate":false,"showSkybox":false,"showFlares":true,"showImageEffects":true,"showParticleSystems":true},"in2DMode":false,"pivot":{"x":-8.642673492431641e-7,"y":0.3369213342666626,"z":9.57399606704712e-7},"rotation":{"x":-0.1984490305185318,"y":0.24439211189746858,"z":-0.05116838589310646,"w":-0.9477852582931519},"size":0.3768670856952667,"orthographic":false}