{"cameraMode":{"drawMode":0,"name":"Shaded","section":"Shading Mode"},"sceneLighting":true,"audioPlay":false,"sceneViewState":{"showFog":true,"showMaterialUpdate":false,"showSkybox":false,"showFlares":true,"showImageEffects":true,"showParticleSystems":true},"in2DMode":false,"pivot":{"x":859.5,"y":410.2789306640625,"z":1.0226445198059083},"rotation":{"x":-0.03800172358751297,"y":0.06889849901199341,"z":0.002624102169647813,"w":0.9969021677970886},"size":958.4036865234375,"orthographic":false}