{"cameraMode":{"drawMode":0,"name":"Shaded","section":"Shading Mode"},"sceneLighting":false,"audioPlay":false,"sceneViewState":{"showFog":true,"showMaterialUpdate":false,"showSkybox":false,"showFlares":true,"showImageEffects":true,"showParticleSystems":true},"in2DMode":false,"pivot":{"x":-3.3301987648010256,"y":0.8050832748413086,"z":7.7412896156311039},"rotation":{"x":0.030036263167858125,"y":0.884026825428009,"z":-0.46293288469314577,"w":0.05736292526125908},"size":18.81411361694336,"orthographic":false}