{"cameraMode":{"drawMode":0,"name":"Shaded","section":"Shading Mode"},"sceneLighting":false,"audioPlay":false,"sceneViewState":{"showFog":true,"showMaterialUpdate":false,"showSkybox":false,"showFlares":true,"showImageEffects":true,"showParticleSystems":true},"in2DMode":false,"pivot":{"x":0.6480469703674316,"y":4.923982620239258,"z":-1.4073810577392579},"rotation":{"x":0.021837368607521058,"y":0.9781486988067627,"z":-0.14873246848583222,"w":0.1436295211315155},"size":5.3445539474487309,"orthographic":false}