{"cameraMode":{"drawMode":0,"name":"Shaded","section":"Shading Mode"},"sceneLighting":false,"audioPlay":false,"sceneViewState":{"showFog":true,"showMaterialUpdate":false,"showSkybox":false,"showFlares":true,"showImageEffects":true,"showParticleSystems":true},"in2DMode":false,"pivot":{"x":97.9703369140625,"y":88.09770202636719,"z":-231.82774353027345},"rotation":{"x":0.10609254240989685,"y":-0.8939127326011658,"z":0.30858752131462099,"w":0.3073498606681824},"size":3.3820321559906008,"orthographic":false}