{"cameraMode":{"drawMode":0,"name":"Shaded","section":"Shading Mode"},"sceneLighting":true,"audioPlay":false,"sceneViewState":{"showFog":true,"showMaterialUpdate":false,"showSkybox":true,"showFlares":true,"showImageEffects":true,"showParticleSystems":true},"in2DMode":false,"pivot":{"x":840.53466796875,"y":334.1071472167969,"z":384.6407470703125},"rotation":{"x":-0.17469316720962525,"y":-0.09402051568031311,"z":0.01670697331428528,"w":-0.9800158739089966},"size":569.3867797851563,"orthographic":false}