{"cameraMode":{"drawMode":0,"name":"Shaded","section":"Shading Mode"},"sceneLighting":true,"audioPlay":false,"sceneViewState":{"showFog":true,"showMaterialUpdate":false,"showSkybox":true,"showFlares":true,"showImageEffects":true,"showParticleSystems":true},"in2DMode":false,"pivot":{"x":345.0821533203125,"y":-19.44719696044922,"z":-25.257102966308595},"rotation":{"x":-0.21326693892478944,"y":-0.13109895586967469,"z":0.02884179912507534,"w":-0.9677635431289673},"size":600.6928100585938,"orthographic":false}