{"cameraMode":{"drawMode":0,"name":"Shaded","section":"Shading Mode"},"sceneLighting":false,"audioPlay":false,"sceneViewState":{"m_AlwaysRefresh":false,"showFog":true,"showSkybox":false,"showFlares":true,"showImageEffects":true,"showParticleSystems":true,"showVisualEffectGraphs":true,"m_FxEnabled":true},"in2DMode":false,"pivot":{"x":8.879166603088379,"y":3.6803789138793947,"z":-8.836445808410645},"rotation":{"x":0.026152513921260835,"y":0.9651403427124023,"z":-0.23862077295780183,"w":0.10500547289848328},"size":9.898087501525879,"orthographic":false}