{"cameraMode":{"drawMode":0,"name":"Shaded","section":"Shading Mode"},"sceneLighting":false,"audioPlay":false,"sceneViewState":{"m_AlwaysRefresh":false,"showFog":true,"showSkybox":false,"showFlares":true,"showImageEffects":true,"showParticleSystems":true,"showVisualEffectGraphs":true,"m_FxEnabled":true},"in2DMode":false,"pivot":{"x":-69.64402770996094,"y":102.74983215332031,"z":-590.6019897460938},"rotation":{"x":0.13371500372886659,"y":-0.1601756513118744,"z":0.021918363869190217,"w":0.9778644442558289},"size":16.178438186645509,"orthographic":false}